,Country Code,2000,2001,2002,2003,2004,2005,2006,2007,2008,2009,2010,2011,2012,2013,2014,2015,2016,2017,2018,2019
6,AND,3.52836236122388,8.11935772169949,4.54636221364653,8.69420371612468,8.13567633837351,5.39779598500422,4.80868869916921,1.55318814103222,-5.55918636850581,-5.30284654348291,-1.97495799965345,-0.0080697534113909,-4.97444371853503,-3.54759651549344,2.50446552114518,1.43414039522716,3.70967806978986,0.346071889630295,1.58876549046354,2.01554763848308
14,AUT,3.18952267859783,1.31698760895746,1.4843689777327,1.14156501477392,2.56525509257357,2.32036526679731,3.26933610602393,3.77522461621224,1.45330559752681,-3.58626477931313,1.8089826696085,2.92746790789693,0.628246179413949,-0.250726545926739,0.755799076892799,1.30352309798889,2.11721967096108,2.27225012037459,2.48422086689928,1.7549764558533
17,BEL,3.71670515995253,1.09960358816537,1.7068941065786,1.03795528497115,3.57120680780272,2.32173796432642,2.55234067848964,3.67692483892523,0.446904947717528,-1.90644089375826,2.71031141346458,1.93115497859051,0.215803673220449,0.30549447856238,1.76554038203088,1.47416438588013,1.19350263995111,1.47446765653092,1.87796857219402,2.44289006648609
21,BGR,4.58722551038977,3.82370437398085,5.87193118968936,5.23715363472283,6.51042517431171,7.05634921181696,6.80258898745842,6.65438764900219,6.12955879901182,-3.34714136704206,1.55535963462032,2.09017527015538,0.748814896796574,-0.542751603030155,0.949448985090484,3.39755325869422,3.02662893138918,2.74592644707793,2.5494643471818,3.78885036478003
24,BIH,5.41431594987489,2.42331317180992,5.02744420733983,3.8671387951343,6.32526616861466,3.89717798992193,5.41400357079434,5.85712634217094,5.44383103450177,-3.00445593013346,0.865669260237084,0.959511247241267,-0.821836474216894,2.3498566632458,1.15385109200403,4.31475061116335,3.24225521171914,3.24410095889466,3.82749920546897,2.88734334414875
25,BLR,5.80000336082971,4.72530604998069,5.04526750544767,7.04319251194427,11.4497430572271,9.40000158864014,9.99999472133979,8.60000659901775,10.199999472722,0.199995249385182,7.75001706649184,5.5499747229649,1.707852569854,0.998719278658683,1.65112468524535,-3.82957055828389,-2.52644643552371,2.53218350022975,3.14919759375005,1.44645547691826
37,CHE,3.95871971933516,1.57566196744156,-0.0732170840426534,-0.0323984765377787,2.70170920967028,2.74969898498485,4.07362844994275,3.9163758177818,2.80798363168692,-2.29737463071545,3.24339733550173,1.81310819203695,1.17925383325108,1.79214405707484,2.34988127508626,1.64462768699285,2.0686896670996,1.36279955711416,2.86044579461633,1.14198232505277
53,CYP,5.96531031488554,3.95256054086292,3.72295649883057,2.6232861229859,5.02634392575987,4.85300383835666,4.71382866563106,5.09806845261184,3.6468119905756,-2.01526235906867,2.28354499702917,0.416712762832276,-3.44738142393619,-6.58747695700073,-1.77606181111089,3.41892299033393,6.57359100513114,5.75083246014417,6.27166730438427,5.87559123003267
54,CZE,4.01066961867447,2.91721954577413,1.51345948276807,3.30083683069202,4.73633970443348,6.37502885831655,6.62317298453949,5.48882596113995,2.61226805242944,-4.79832416832794,2.71466511501851,1.77238083691023,-0.770668176495519,-0.0418124078092319,2.24521218606488,4.95875849031782,2.58087014675783,5.17356528805017,2.83030589412112,3.56577657204843
55,DEU,2.87724594841264,1.63654101289237,-0.228310249295362,-0.529928993631358,1.16236826742538,0.885697236264619,3.85573615221429,2.89010718962479,0.910403196145353,-5.54516453771706,4.14676754532437,3.75796886586348,0.474291305855544,0.386224576109953,2.16949892879079,1.65271977174628,2.29471067684281,2.71602451931592,1.11644310926225,0.987893349167578
58,DNK,3.72400897562952,0.950032280359281,0.456529990797932,0.441090994656861,2.77635184668432,2.35960883273722,3.81648769723503,0.987173788437161,-0.417178429513314,-4.97447907474,1.58289702078196,1.31080377939614,-0.0054323186932663,1.39267347017295,1.27799979380644,2.10441458712587,3.07304547479855,3.05647724393516,1.86000748885226,1.7114009439059
70,ESP,5.20064118585728,3.91908879065753,2.75545615332646,2.93928966368206,3.11453145202378,3.55122551537241,4.04343520720857,3.53350012191149,0.76716577493147,-3.76813307179789,0.0941223166682619,-0.639920691287372,-2.8651136729107,-1.4273221918188,1.52048592279819,4.06086669718569,2.91515602808174,2.8960420808163,2.39541120364247,1.9611785315135
71,EST,10.0876349894085,5.88074970282548,6.93300013103013,7.59630144033751,6.80069516042603,9.5230580329964,9.76257036838051,7.57091811341863,-5.12531270862181,-14.6302203081112,2.44974591575541,7.6069766353788,3.67202115931168,1.75649461188266,3.32278753598732,1.83815704837467,3.09301583441155,5.63467432229395,3.69969444001093,3.72665318178397
75,FIN,5.75373786465877,2.64026215850627,1.68732630464513,2.01179966596534,4.00537948777921,2.77730927081576,4.01957322804103,5.31280178224827,0.784431219273031,-8.07603089881314,3.16828772325258,2.39039472621836,-1.52284028499332,-0.979741028068631,-0.47806831857902,0.46650351789539,2.57193423155972,3.30337016113322,1.19297772988504,1.34973843826123
77,FRA,4.14099999646893,1.89946700332246,1.06775025028361,0.967827177709708,2.86825057188587,1.88856580217112,2.7140645179325,2.53048186196499,0.380171425522363,-2.82455150288962,2.00032472699981,2.43757656877079,0.183835271019575,0.781756445913402,0.997832937998666,1.06675473488909,0.860031082016107,2.08361485062076,1.64590872932709,2.02744647639635
81,GBR,4.34163417914475,2.57278038614078,1.79566077025204,3.15234653827419,2.45790441131264,2.73266076130363,2.38069402487066,2.62488001971251,-0.248797298132246,-4.6205537195686,2.2333151263108,1.13836234744893,1.50899837441014,1.79992149362663,3.1946373128021,2.22288844908437,1.92171007763831,2.65650489309972,1.40519026609273,1.62447515947532
89,GRC,4.13782709945785,4.65041412229992,4.68313735902784,5.79682303463183,5.37786629728755,1.18350610206699,6.44339775049335,3.50687018582884,0.0574735793110506,-4.11927598076629,-5.69374120273665,-9.87677903873015,-8.33113395866982,-2.27211692215486,0.792225038353592,-0.228301959026894,-0.0317952126675323,1.47312498503697,2.06467253338354,2.27718063644569
99,HRV,2.94525299539681,3.11123487893718,5.80332851682508,5.56837267108266,4.17048487309191,4.32707652205913,5.0814659040727,5.04888620876034,1.96859009281911,-6.81395617789426,-1.33408152400571,-0.0977514527446601,-2.25374558078583,-0.125449826211494,-0.5571501973061,2.32317515803855,3.46112947356767,3.28095812140658,2.90468149344008,3.10043911443758
101,HUN,4.47919473197571,4.07408803273854,4.7412865464827,4.07424974585209,5.00462069164915,4.29427761009178,3.9460668802932,0.277372772325805,1.00394302900897,-6.59786721850169,1.0762540427767,1.86683747544298,-1.25022602347063,1.80252210082266,4.23220980614269,3.7073159793626,2.20100189293856,4.27197601620695,5.36234836176223,4.86422573511891
111,IRL,9.40352459820002,5.30582152485704,5.89936651038174,3.01383874633395,6.78813864028693,5.73978235251398,4.98785468456508,5.31011684408213,-4.48406978326278,-5.09578169386768,1.68297235056258,1.64877389978149,-0.398959964505451,2.19217574364818,9.33603372868623,24.6155699766256,1.22263860996429,10.0496285394614,7.54434190760031,5.040550288018
114,ISL,4.98504277020335,4.01349755473568,0.559519082007625,2.14268837866911,7.80239950753543,6.12443896533613,6.31699308637074,8.45486009612951,2.20949641882098,-7.66380956025947,-2.83277491540855,1.84577915624217,1.06363660743763,4.55246032015107,1.68721501750642,4.43666371937172,6.30368710650176,4.19494882908376,4.88917299486545,1.86117794293874
116,ITA,3.88209884248407,2.00643329819457,0.269929620338758,0.0665538534500882,1.4740216725119,0.762410719611808,1.79947990520787,1.46229202490677,-1.02313847687941,-5.305154032511,1.52910575728933,0.695463129207852,-3.12523879543816,-1.81802506104283,-0.0013876397649283,0.885667638046783,1.2362211072751,1.60369994648362,0.826646697363699,0.429162534371912
137,LIE,3.22019308239609,-0.733092455297992,-0.993919947159299,-1.93756534125014,3.03917210306501,4.82807677743524,8.64496857267281,3.325963509369,1.79808847836411,-1.15748291975636,,,,,,,,,,
143,LTU,3.41861918901452,6.4841255625067,6.71983784034107,10.5518973362309,6.50203702899954,7.73144471492068,7.39547982599795,11.0779318092098,2.59945949296029,-14.8386108858854,0.427199033691366,6.32363739804052,4.38290559620856,4.04691435091311,3.77254131499667,2.83280857741104,2.67192019895775,4.61224314600778,4.9183697945524,4.67735155796807
144,LUX,6.93813024939334,3.07435499929876,3.2254168997208,2.61937857939165,4.23189130735582,2.48287474811472,6.01671504402741,8.0986676066054,-0.30017619444267,-3.23895402683188,3.76041359255095,1.04429869455731,1.64990202978652,3.17179049916005,2.62308601577192,2.26978448419565,4.97819043681629,1.31718766293677,1.21932191856359,2.9158479150005
145,LVA,5.84102986488557,6.46057364768329,7.66548925059303,8.42913486805492,8.72514158012019,11.6153165694442,12.8250180923171,10.414537243644,-3.38871545060184,-16.0400189151464,-3.6612590805494,3.03634590339776,7.30524045527754,2.09609114087881,2.09495959586268,3.78336528957813,2.55168585354701,3.39894937779009,4.30971088766286,0.675375256812075
149,MCO,3.91022992758094,2.18773369040099,1.02649757327522,1.08753654746801,2.47048260499609,1.89541410859198,5.81764849670007,14.4375144375144,0.746871215179652,-11.3369865758365,2.06521962654098,7.02235694617619,1.01221841230461,9.57709832354816,7.18702777537968,4.91037176536236,3.00844358752744,-3.20618323813213,5.69790121192926,7.12088951975396
150,MDA,2.10771608200733,6.10000039929173,7.79999965773833,6.59999995777716,7.39999973358189,7.5000001493726,4.79999983670831,3.00000022585525,7.80000014541523,-6.00000026352828,7.10000010705836,5.81816614684824,-0.589733954762579,9.0438656074181,4.99962585407656,-0.338235622387202,4.64601436259409,4.17561205106279,4.07559546585034,3.5523140853476
157,MKD,4.54913578288874,-3.06725662451662,1.49366547202928,2.22260165732409,4.67408957960916,4.72408864201974,5.13702516153505,6.47348685752347,5.47200139015595,-0.358614856979671,3.35875085773812,2.33988604520331,-0.456183223607937,2.92525766450484,3.62912351276373,3.85586514041738,2.84820519363306,1.08177273813243,2.88059670964267,3.91041953840173
159,MLT,19.6812700987473,-0.75667262732631,2.74112013880779,3.6942613101231,0.407159747560954,2.88067127282936,2.33612273361229,5.03666395081845,4.41012622523094,-1.395342554571,6.1973451691119,0.991963675296375,4.10259030296838,6.29171574401258,7.63112937482686,9.62109756228348,4.07771929481284,12.972119343498,7.18909653691901,4.08470602847339
162,MNE,3.10000005928039,1.09983870937067,1.9039367333292,2.48265922878484,4.42605071745102,4.18060450885476,8.56641802964207,6.81015012526991,7.22275259212526,-5.79509699477244,2.73433108233829,3.22845102061061,-2.72379077130623,3.54897991245058,1.78369858106701,3.39038139712073,2.94928032097511,4.71646527572034,5.0778888113381,4.06294499167197
176,NLD,4.21975373727024,2.32357563856982,0.245785859471141,0.0978322478940328,2.0163100164134,2.03396324858144,3.53737521855268,3.88530650838888,2.11681586191865,-3.66529044506595,1.31932023296244,1.77334520657246,-0.977877008513829,-0.0302324516552943,1.61261007449123,2.12060522421717,2.42428576536633,2.7815460987956,2.25874039624952,2.30009159476197
177,NOR,3.31894567098156,2.06713046054618,1.37755700146496,0.944909391118713,4.01458801709728,2.68512289082248,2.46147313370328,2.91403998607174,0.481919541231974,-1.94036469505112,0.787051845495441,1.10565602733728,2.71795926678982,1.01619082409272,2.04813199855084,1.85733972643303,1.16472423497285,2.46374628510146,0.828900664137592,1.12377787436797
190,POL,4.65633252988236,1.23374464400356,1.90119437968586,3.52337117234833,5.09079546409544,3.26082274679216,6.20210710934373,6.7604478527626,4.38377069274605,2.61512859291683,3.16892748258036,5.25546256612796,1.51178167644575,0.684240607051805,3.92050862390032,4.43176700264478,3.03117767594847,5.15245773325907,6.2458584723942,4.58045817256199
194,PRT,3.81617756423182,1.94367215368429,0.770924879289495,-0.930521086276485,1.78873565956201,0.781847757598996,1.62503463813644,2.50657971505967,0.319247162435317,-3.12207812290546,1.73762451045437,-1.71352750320345,-4.05090261868355,-0.984106758103536,0.741391470583679,1.58979828893855,2.00414109360487,3.31472078233416,2.94628241620853,2.74568471619554
201,ROU,2.46121646882141,5.21818451151151,5.70299165043771,2.34114732919521,10.4281130180976,4.6681480508487,8.02881107599163,7.23380774362805,9.30746717077338,-5.51670615843011,-3.90581157302972,4.49558909946313,1.90361696799603,0.278771877470234,4.11600109267832,3.1570360543854,2.85993252302089,8.19547826641261,6.120930007146,3.92326384963494
202,RUS,10.0000668136515,5.10005122572568,4.69999190914258,7.29995234528189,7.19994786954857,6.39996544799469,8.20006825456321,8.49997776916511,5.19996926404957,-7.79999391271275,4.49999999920672,4.30002918567749,4.02408615746921,1.75542214874298,0.736267221765672,-1.97271922580408,0.193690071260534,1.82579006401834,2.80724541059601,2.19807571335009
212,SMR,2.17937971500419,5.57834290401968,0.310800310800303,3.87296669248644,4.5488441461596,2.42510699001426,3.83008356545962,7.10932260228034,-0.500939261114581,-10.3209565764632,-5.47368421052632,-8.3147735708983,-7.04453441295546,-0.78397212543554,-0.702370500438988,2.29150556129265,2.34440586055426,0.258265466328027,1.49390531817373,2.06568514732739
214,SRB,6.05509225799881,6.77851908946397,6.54104819665429,4.55968951215699,6.68686771336695,5.90349798339875,3.90066385503751,7.83207166337402,5.16089277292242,-3.14261046499367,1.61097266144839,0.0542724785839397,-0.443956029497713,0.451578762944706,-1.80427024822048,1.29573851189748,2.97519779211943,2.36339378690924,4.64935035491007,4.75020793899014
221,SVK,0.789225596183911,2.92515903371795,4.41725391613221,4.85669820233045,5.38949898648073,6.48493201622816,8.92568695741896,10.818631131365,5.36337695604814,-5.50533842350008,6.79058214015053,2.56242455855089,1.56917115628399,0.703323634738325,2.70795062355194,5.1768795103709,1.94781902582312,2.87473225538896,4.06212036983018,2.27589918160336
222,SVN,3.4979164509992,2.82868664233322,3.28258346542935,3.19503110972916,4.54601954702534,3.85412678549184,5.90878423882104,7.13923175447022,3.37223803792983,-7.59058742979862,1.11213741551349,0.655439911782537,-2.9155386026986,-0.823777238320488,2.76283164316371,2.39330872436074,3.03441395415184,5.17440453956443,4.37908171612922,3.50525166840163
223,SWE,4.63111599061558,1.3607669264817,2.27767114939392,1.88094411885302,4.179530395519,2.79317685497699,4.67599870877491,3.22491131711666,-0.923123082950312,-4.25557374271145,5.75073584322725,3.16391048145204,-0.414465721070883,1.13771649797086,2.2957638087284,4.41014067579341,2.34974080432539,1.82515601494717,1.90296458840773,2.54964785253048
244,TUR,6.93323970455904,-5.75000655464257,6.44772204681594,5.76320606654714,9.79593638920282,8.99230493626517,6.94798808571993,5.04350793157104,0.815024573007705,-4.82315395301769,8.42710432276191,11.2001105833504,4.78849271108008,8.48581699653026,4.9397151613658,6.08448690443663,3.32308420845746,7.50199748917491,3.0131703931215,0.818514526726673
248,UKR,5.90000000024899,8.80000000367222,5.33964720719075,9.51660986436364,11.7953525281136,3.07123039245209,7.57142076322967,8.21584445165715,2.24349159628288,-15.1364679101502,4.09200436668087,5.44528081048476,0.152314967200653,0.045439094492707,-10.0788949856211,-9.77298721103519,2.4409819445784,2.35997228099491,3.4883623420827,3.19950386231294
